<?xml version="1.0" encoding="UTF-8" ?>
<odoo>
    <data noupdate="1">
        <record id="age_specific_patient_count" model="ir.cron">
            <field name="name">Patient Count</field>
            <field name="model_id" ref="model_patient_details"/>
            <field name="state">code</field>
            <field name="code">model._count_no_of_patients()</field>
            <field name="interval_number">1</field>
            <field name="interval_type">hours</field>
            <field name="active">True</field>
        </record>
        <record id="appointment_auto_cancel" model="ir.cron">
            <field name="name">Appointment auto-cancel</field>
            <field name="model_id" ref="model_appointment_details"/>
            <field name="state">code</field>
            <field name="code">model._auto_cancelling_overdue_app()</field>
            <field name="interval_number">6</field>
            <field name="interval_type">hours</field>
            <field name="active">True</field>
        </record>
        <record id="_appointment_report" model="ir.cron">
            <field name="name">Appointment report</field>
            <field name="model_id" ref="model_appointment_details"/>
            <field name="state">code</field>
            <field name="code">model._appointment_report()</field>
            <field name="interval_number">7</field>
            <field name="interval_type">days</field>
            <field name="active">True</field>
        </record>
        <record id="_auto_create_appointment" model="ir.cron">
            <field name="name">Appointment auto creation</field>
            <field name="model_id" ref="model_appointment_details"/>
            <field name="state">code</field>
            <field name="code">model._auto_create_appointment()</field>
            <field name="interval_number">7</field>
            <field name="interval_type">days</field>
            <field name="active">True</field>
        </record>
    </data>
</odoo>