<?xml version="1.0" encoding="utf-8"?>
<odoo noupdate="1">
    <record model="crm.probability.stage" id="stage_1" forcecreate="False">
        <field name="name">Stage 1</field>
        <field name="percentage">20</field>
    </record>
    <record model="crm.probability.stage" id="stage_2" forcecreate="False">
        <field name="name">Stage 2</field>
        <field name="percentage">40</field>
    </record>
    <record model="crm.probability.stage" id="stage_3" forcecreate="False">
        <field name="name">Stage 3</field>
        <field name="percentage">60</field>
    </record>
    <record model="crm.probability.stage" id="stage_4" forcecreate="False">
        <field name="name">Stage 4</field>
        <field name="percentage">80</field>
    </record>
    <record model="crm.probability.stage" id="stage_5" forcecreate="False">
        <field name="name">Stage 5</field>
        <field name="percentage">100</field>
    </record>
</odoo>