<?xml version="1.0" encoding="UTF-8" ?>
<odoo>
    <data noupdate="1">
        <record id="check_student_registration" model="ir.cron">
            <field name="name">Student : Registration Expired</field>
            <field name="model_id" ref="model_res_student"/>
            <field name="state">code</field>
            <field name="code">model._check_student_registration()</field>
            <field name="interval_number">1</field>
            <field name="interval_type">days</field>
            <field name="active">True</field>
        </record>
    </data>
</odoo>
